{
  "version": 2,
  "builds": [
    {
      "src": "server-supabase.js",
      "use": "@vercel/node"
    }
  ],
  "routes": [
    {
      "src": "/api/(.*)",
      "dest": "/server-supabase.js"
    },
    {
      "src": "/(.*\\.(css|js|jpg|jpeg|png|gif|svg|ico|woff|woff2|ttf|eot))",
      "dest": "/public/$1"
    },
    {
      "src": "/(.*)",
      "dest": "/public/$1"
    }
  ],
  "env": {
    "NODE_ENV": "production"
  },
  "functions": {
    "server-supabase.js": {
      "maxDuration": 30
    }
  }
}